<layout width="1920" height="1080" font="fonts/OpenSans.ttf" loadFontSize="72" fontColor="dedede">


    <!----------------------------------------------------------------------------------------------------------------------------------->
    <!-- Sounds -->
    <!----------------------------------------------------------------------------------------------------------------------------------->


    <sound type="load"      src="sounds/load.wav" />
    <sound type="unload"    src="sounds/unload.wav" />
    <sound type="highlight" src="sounds/highlight.wav" />
    <sound type="select"    src="sounds/select.wav" />
	
	
 <!-- <image src="images/mainbg.jpg" alpha="1" width="1920" height="1080" layer="1"> </image> -->


  <reloadableVideo imageType="screenshot" x="1200" xOrigin="center" alpha="1" maxwidth="1440" height="1080" y="center" yOrigin="center" layer="2" xOrigin="center">
    <onMenuEnter menuIndex="0">
      <set duration="0">
        <animate type="alpha" to="1" />
      </set>
    </onMenuEnter>
	<onMenuExit menuIndex="0">
      <set duration="0">
        <animate type="alpha" to="0"/>
      </set>
    </onMenuExit>
  </reloadableVideo>

 <image src="images/logoback.png" alpha="1" x="0" height="1080" width="482" layer="3">
  <onMenuEnter>
    <set duration=".01">
	  <animate type="alpha" to="1" algorithm="easeincircular"/>
	    </set>
  </onMenuEnter>
  <onMenuExit>
    <set duration=".01">
	  <animate type="alpha" to="0" algorithm="easeincircular"/>
	    </set>
  </onMenuExit>
  </image>
  	
	
    <!----------------------------------------------------------------------------------------------------------------------------------->
    <!-- menuIndex 0 -->
    <!----------------------------------------------------------------------------------------------------------------------------------->

	
	
   
    <menu type="custom" imageType="logo" orientation="vertical" scrollTime=".2" scrollAcceleration=".02" >
      <itemDefaults x="0" y="center" yOrigin="center" fontSize="56" width="230" spacing="10" layer="12"/>
        <item yOffset="-600" alpha="0" />
		 
		
      <item xOffset="10" yOffset="-494" alpha="1">
            <onMenuEnter menuIndex="i">
                <set duration=".15">
                      <animate type="alpha" from="0" to="1" />
                </set>
            </onMenuEnter>
			 
            <onMenuExit menuIndex="i">
                <set duration=".15">
                      <animate type="alpha" to="0" />
                </set>
            </onMenuExit>
        </item>
      <item xOffset="40" yOffset="-376" alpha="1">
            <onMenuEnter menuIndex="i">
                <set duration=".15">
                    <animate type="alpha" from="0" to="1" />
                </set>
            </onMenuEnter>
		 
            <onMenuExit menuIndex="i">
                <set duration=".15">
                      <animate type="alpha" to="0" />
                </set>
            </onMenuExit>
      </item>
      <item xOffset="75" yOffset="-258" alpha="1">
            <onMenuEnter menuIndex="i">
                <set duration=".15">
                     <animate type="alpha" from="0" to="1" />
                </set>
            </onMenuEnter>
			  
            <onMenuExit menuIndex="i">
                <set duration=".15">
                      <animate type="alpha" to="0" />
                </set>
            </onMenuExit>
        </item>
      <item xOffset="100" yOffset="-140" alpha="1" layer="12">
            <onMenuEnter menuIndex="i">
                <set duration=".15">
                    <animate type="alpha" from="0" to="1" />
                </set>
            </onMenuEnter>
			 
            <onMenuExit menuIndex="i">
                <set duration=".15">
                     <animate type="alpha" to="0"/>
                </set>
            </onMenuExit>
        </item>
      <item xOffset="40" yOffset="0" width="400" layer="18" alpha="1" selected="true">
            <onMenuEnter menuIndex="i">
                <set duration=".15">
                     <animate type="alpha" from="0" to="1" />
                </set>
            </onMenuEnter>
            <onMenuExit menuIndex="i">
                <set duration=".15">
                      <animate type="alpha" to="0" />
                </set>
            </onMenuExit>
        </item>
      <item xOffset="100" yOffset="140" layer="12">
            <onMenuEnter menuIndex="i">
                <set duration=".15">
                    <animate type="alpha" from="0" to="1" />
                </set>
            </onMenuEnter>
			   
            <onMenuExit menuIndex="i">
                <set duration=".15">
                      <animate type="alpha" to="0" />
                </set>
            </onMenuExit>
        </item>
      <item xOffset="75" yOffset="258" >
            <onMenuEnter menuIndex="i">
                <set duration=".15">
                     <animate type="alpha" from="0" to="1" />
                </set>
            </onMenuEnter>
			   
            <onMenuExit menuIndex="i">
                <set duration=".15">
                      <animate type="alpha" to="0" />
                </set>
            </onMenuExit>
        </item>
      <item xOffset="40" yOffset="376" >
            <onMenuEnter menuIndex="i">
                <set duration=".15">
                     <animate type="alpha" from="0" to="1" />
                </set>
            </onMenuEnter>
			 
            <onMenuExit menuIndex="i">
                <set duration=".15">
                     <animate type="alpha" to="0" />
                </set>
            </onMenuExit>
        </item>
      <item xOffset="10" yOffset="494" >
            <onMenuEnter menuIndex="i">
                <set duration=".15">
                   <animate type="alpha" from="0" to="1" />
                </set>
            </onMenuEnter>
			   
            <onMenuExit menuIndex="i">
                <set duration=".15">
                     <animate type="alpha" to="0" />
                </set>
            </onMenuExit>
        </item>
        <item yOffset="600" alpha="0" />
   </menu>

    <reloadableImage type="playlist" mode="common" alpha="0" x="380" y="2" xOrigin="center" yOrigin="top" width="150" layer="19">
        <onEnter>
            <set duration=".8">
                <animate type="nop"/>
            </set>
        </onEnter>
        <onExit>
            <set duration=".15">
                <animate type="alpha" to="0" algorithm="easeinquadratic"/>
            </set>
        </onExit>
        <onMenuEnter menuIndex="0">
            <set duration=".8">
                <animate type="y" from="-50" to="2" algorithm="easeinquadratic"/>
            </set>
        </onMenuEnter>
        <onMenuEnter menuIndex="1">
            <set duration=".15">
                <animate type="y" from="-50" to="2" algorithm="easeinquadratic"/>
            </set>
        </onMenuEnter>
        <onMenuExit>
            <set duration=".15">
                <animate type="alpha" to="0" algorithm="easeinquadratic"/>
            </set>
        </onMenuExit>
        <onIdle>
            <set duration="1">
                <animate type="alpha" to="0.5" algorithm="easeinquadratic"/>
            </set>
            <set duration="1">
                <animate type="alpha" to="1" algorithm="easeinquadratic"/>
            </set>
        </onIdle>
    </reloadableImage>

</layout>
