<!-- Layout Settings -->
<layout width="1920" height="1080" font="Roboto-Bold.ttf" loadFontSize="32" fontColor="EEEEEEE">


  <!--------------------------------------------------------------------------->
  <!-- Sounds -->
  <!--------------------------------------------------------------------------->


  <sound type="highlight" src="Highlight.wav"/>


  <!--------------------------------------------------------------------------->
  <!-- Background Image -->
  <!--------------------------------------------------------------------------->


  <reloadableImage type="Background" mode="systemlayout" x="0" y="0" height="stretch" width="stretch" layer="0">
    <onHighlightEnter menuIndex="0">
      <set duration=".3">
        <animate type="alpha" from="0" to="1" algorithm="easeinquadratic"/>
      </set>
    </onHighlightEnter>
    <onHighlightExit menuIndex="0">
      <set duration=".3">
        <animate type="alpha" from="1" to="0" algorithm="easeinquadratic"/>
      </set>
    </onHighlightExit>
  </reloadableImage>
  <reloadableImage type="Background" mode="layout" x="0" y="0" height="stretch" width="stretch" layer="0">
      <onHighlightEnter menuIndex="0">
            <set duration=".3">
                <animate type="alpha" from="0" to="1" algorithm="easeinquadratic"/>
            </set>
        </onHighlightEnter>
        <onHighlightExit menuIndex="0">
            <set duration=".3">
                <animate type="alpha" from="1" to="0" algorithm="easeinquadratic"/>
            </set>
        </onHighlightExit>
  </reloadableImage>



  <!--------------------------------------------------------------------------->
  <!--                            Main Menu                                  -->
  <!--------------------------------------------------------------------------->


  <!--------------------------------------------------------------------------->
  <!-- Device Image -->
  <!--------------------------------------------------------------------------->


  <reloadableImage type="device" alpha="1" xOffset="360" yOffset="124" x="center" y="center" width="1160" maxHeight="770" xOrigin="center" yOrigin="center" layer="5">
    <onMenuEnter menuIndex="0">
      <set duration=".3">
        <animate type="alpha" from="0" to="1" algorithm="easeinquadratic"/>
      </set>
    </onMenuEnter>
    <onMenuExit menuIndex="0">
      <set duration=".3">
        <animate type="alpha" from="1" to="0" algorithm="easeinquadratic"/>
      </set>
    </onMenuExit>
    <onHighlightEnter menuIndex="0">
      <set duration=".3">
        <animate type="yOffset" from="2000" to="124" algorithm="easeinquadratic"/>
      </set>
    </onHighlightEnter>
    <onHighlightExit menuIndex="0">
      <set duration=".3">
        <animate type="yOffset" from="124" to="2000" algorithm="easeinquadratic"/>
      </set>
    </onHighlightExit>
  </reloadableImage>


  <!--------------------------------------------------------------------------->
  <!-- Main Menu Background Bar -->
  <!--------------------------------------------------------------------------->


  <reloadableImage type="Menu Bar Background" mode="systemlayout" xOffset="-1214" x="center" yOffset="-400" y="center" xOrigin="center" yOrigin="center" layer="4">
    <onMenuExit menuIndex="0">
      <set duration=".4">
        <animate type="xOffset" from="4" to="-1214" algorithm="easeinquadratic"/>
      </set>
    </onMenuEnter>
    <onMenuExit menuIndex="1">
      <set duration=".4">
        <animate type="xOffset" from="-1214" to="4" algorithm="easeinquadratic"/>
      </set>
    </onMenuExit>
    <onHighlightEnter menuIndex="0">
      <set duration=".3">
        <animate type="alpha" from="0" to="1" algorithm="easeinquadratic"/>
      </set>
    </onHighlightEnter>
    <onHighlightExit menuIndex="0">
      <set duration=".3">
        <animate type="alpha" from="1" to="0" algorithm="easeinquadratic"/>
      </set>
    </onHighlightExit>
  </reloadableImage>


  <reloadableImage type="Menu Bar Background" mode="layout" xOffset="4" x="center" yOffset="-400" y="center" xOrigin="center" yOrigin="center" layer="4">
    <onMenuExit menuIndex="0">
      <set duration=".4">
        <animate type="xOffset" from="4" to="-1214" algorithm="easeinquadratic"/>
      </set>
    </onMenuExit>
    <onMenuExit menuIndex="1">
      <set duration=".4">
        <animate type="xOffset" from="-1214" to="4" algorithm="easeinquadratic"/>
      </set>
    </onMenuExit>
    <onHighlightEnter menuIndex="0">
      <set duration=".3">
        <animate type="alpha" from="0" to="1" algorithm="easeinquadratic"/>
      </set>
    </onHighlightEnter>
    <onHighlightExit menuIndex="0">
      <set duration=".3">
        <animate type="alpha" from="1" to="0" algorithm="easeinquadratic"/>
      </set>
    </onHighlightExit>
  </reloadableImage>
  

  <!--------------------------------------------------------------------------->
  <!-- Main Menu Select Bar -->
  <!--------------------------------------------------------------------------->


  <reloadableImage type="Select Bar" mode="systemlayout" xOffset="-1500" x="center" yOffset="-400" y="center" xOrigin="center" yOrigin="center" layer="4">
    <onMenuExit menuIndex="0">
      <set duration=".4">
        <animate type="xOffset" from="0" to="-1500" algorithm="easeinquadratic"/>
      </set>
    </onMenuExit>
    <onMenuExit menuIndex="1">
      <set duration=".4">
        <animate type="xOffset" from="-1500" to="0" algorithm="easeinquadratic"/>
      </set>
    </onMenuExit>
    <onHighlightEnter menuIndex="0">
      <set duration=".3">
        <animate type="alpha" from="0" to="1" algorithm="easeinquadratic"/>
      </set>
    </onHighlightEnter>
    <onHighlightExit menuIndex="0">
      <set duration=".3">
        <animate type="alpha" from="1" to="0" algorithm="easeinquadratic"/>
      </set>
    </onHighlightExit>
  </reloadableImage>


  <reloadableImage type="Select Bar" mode="layout" xOffset="0" x="center" yOffset="-400" y="center" xOrigin="center" yOrigin="center" layer="4">
    <onMenuExit menuIndex="0">
      <set duration=".4">
        <animate type="xOffset" from="0" to="-1500" algorithm="easeinquadratic"/>
      </set>
    </onMenuExit>
    <onMenuExit menuIndex="1">
      <set duration=".4">
        <animate type="xOffset" from="-1500" to="0" algorithm="easeinquadratic"/>
      </set>
    </onMenuExit>
    <onHighlightEnter menuIndex="0">
      <set duration=".3">
        <animate type="alpha" from="0" to="1" algorithm="easeinquadratic"/>
      </set>
    </onHighlightEnter>
    <onHighlightExit menuIndex="0">
      <set duration=".3">
        <animate type="alpha" from="1" to="0" algorithm="easeinquadratic"/>
      </set>
    </onHighlightExit>
  </reloadableImage>

  
  <!--------------------------------------------------------------------------->
  <!-- Main Menu Logo List -->
  <!--------------------------------------------------------------------------->


  <menu type="custom" imageType="logo" scrollTime=".24" scrollAcceleration=".04" orientation="horizontal" x="0" width="center" y="center" yOffset="-400" algorithm="easeincircular" >
    <itemDefaults x="center" y="center" yOrigin="center" xOrigin="center" width="300" maxHeight="175" spacing="10" yOffset="-400" alpha="0.5" fontSize="60" layer="6"/>
    <item xOffset="-1420" alpha="0" />
    <item xOffset="-1060">
      <onMenuEnter menuIndex="0">
        <set duration=".25">
          <animate type="alpha" from="0" to="0.5" algorithm="easeincircular"/>
        </set>
      </onMenuEnter>
      <onMenuExit menuIndex="0">
        <set duration=".25">
          <animate type="alpha" from="0.5" to="0" algorithm="easeincircular"/>
        </set>
      </onMenuExit>
    </item>
    <item xOffset="-720">
      <onMenuEnter menuIndex="0">
        <set duration=".25">
          <animate type="alpha" from="0" to="0.5" algorithm="easeincircular"/>
        </set>
      </onMenuEnter>
      <onMenuExit menuIndex="0">
        <set duration=".25">
          <animate type="alpha" from="0.5" to="0" algorithm="easeincircular"/>
        </set>
      </onMenuExit>
    </item>
    <item xOffset="-380">
      <onMenuEnter menuIndex="0">
        <set duration=".25">
          <animate type="alpha" from="0" to="0.5" algorithm="easeincircular"/>
        </set>
      </onMenuEnter>
      <onMenuExit menuIndex="0">
        <set duration=".25">
          <animate type="alpha" from="0.5" to="0" algorithm="easeincircular"/>
        </set>
      </onMenuExit>
    </item>
    <item selected="true" width="400" layer="7" alpha="1">
      <onMenuExit menuIndex="0">
        <set duration=".4">
          <animate type="xOffset" from="0" to="-607" algorithm="easeinquadratic"/>
        </set>
      </onMenuExit>
      <onMenuExit menuIndex="1">
        <set duration=".4">
          <animate type="xOffset" from="-607" to="0" algorithm="easeinquadratic"/>
        </set>
      </onMenuExit>
    </item>
    <item xOffset="380">
      <onMenuEnter menuIndex="0">
        <set duration=".25">
          <animate type="alpha" from="0" to="0.5" algorithm="easeincircular"/>
        </set>
      </onMenuEnter>
      <onMenuExit menuIndex="0">
        <set duration=".25">
          <animate type="alpha" from="0.5" to="0" algorithm="easeincircular"/>
        </set>
      </onMenuExit>
    </item>
    <item xOffset="720">
      <onMenuEnter menuIndex="0">
        <set duration=".25">
          <animate type="alpha" from="0" to="0.5" algorithm="easeincircular"/>
        </set>
      </onMenuEnter>
      <onMenuExit menuIndex="0">
        <set duration=".25">
          <animate type="alpha" from="0.5" to="0" algorithm="easeincircular"/>
        </set>
      </onMenuExit>
    </item>
    <item xOffset="1060">
      <onMenuEnter menuIndex="0">
        <set duration=".25">
          <animate type="alpha" from="0" to="0.5" algorithm="easeincircular"/>
        </set>
      </onMenuEnter>
      <onMenuExit menuIndex="0">
        <set duration=".25">
          <animate type="alpha" from="0.5" to="0" algorithm="easeincircular"/>
        </set>
      </onMenuExit>
    </item>
    <item xOffset="1420" alpha="0" />
  </menu>


  <!--------------------------------------------------------------------------->
  <!--                            Sub Menu                                   -->
  <!--------------------------------------------------------------------------->


  <!--------------------------------------------------------------------------->
  <!-- Sub Menu Background Bar -->
  <!--------------------------------------------------------------------------->


  <reloadableImage type="Menu Bar Background Sub" mode="systemlayout" yOffset="0" x="center" xOffset="1500" y="center" xOrigin="center" yOrigin="center" layer="4">
    <onMenuExit menuIndex="0">
      <set duration=".4">
        <animate type="xOffset" from="1500" to="710" algorithm="easeinquadratic"/>
      </set>
    </onMenuExit>
    <onMenuExit menuIndex="1">
      <set duration=".4">
        <animate type="xOffset" from="710" to="1500" algorithm="easeinquadratic"/>
      </set>
    </onMenuExit>
    <onHighlightEnter menuIndex="0">
      <set duration=".3">
        <animate type="alpha" from="0" to="1" algorithm="easeinquadratic"/>
      </set>
    </onHighlightEnter>
    <onHighlightExit menuIndex="0">
      <set duration=".3">
        <animate type="alpha" from="1" to="0" algorithm="easeinquadratic"/>
      </set>
    </onHighlightExit>
  </reloadableImage>


  <reloadableImage type="Menu Bar Background Sub" mode="layout" yOffset="0" x="center" xOffset="1500" y="center" xOrigin="center" yOrigin="center" layer="4">
    <onMenuExit menuIndex="0">
      <set duration=".4">
        <animate type="xOffset" from="1500" to="710" algorithm="easeinquadratic"/>
      </set>
    </onMenuExit>
    <onMenuExit menuIndex="1">
      <set duration=".4">
        <animate type="xOffset" from="710" to="1500" algorithm="easeinquadratic"/>
      </set>
    </onMenuExit>
    <onHighlightEnter menuIndex="0">
      <set duration=".3">
        <animate type="alpha" from="0" to="1" algorithm="easeinquadratic"/>
      </set>
    </onHighlightEnter>
    <onHighlightExit menuIndex="0">
      <set duration=".3">
        <animate type="alpha" from="1" to="0" algorithm="easeinquadratic"/>
      </set>
    </onHighlightExit>
  </reloadableImage>


  <!--------------------------------------------------------------------------->
  <!-- Sub Menu Select Bar -->
  <!--------------------------------------------------------------------------->


  <reloadableImage type="Select Bar Sub" mode="systemlayout" yOffset="0" x="center" xOffset="1500" y="center" xOrigin="center" yOrigin="center" layer="4">
    <onMenuExit menuIndex="0">
      <set duration=".4">
        <animate type="xOffset" from="1500" to="710" algorithm="easeinquadratic"/>
      </set>
    </onMenuExit>
    <onMenuExit menuIndex="1">
      <set duration=".4">
        <animate type="xOffset" from="710" to="1500" algorithm="easeinquadratic"/>
      </set>
    </onMenuExit>
    <onHighlightEnter menuIndex="0">
      <set duration=".3">
        <animate type="alpha" from="0" to="1" algorithm="easeinquadratic"/>
      </set>
    </onHighlightEnter>
    <onHighlightExit menuIndex="0">
      <set duration=".3">
        <animate type="alpha" from="1" to="0" algorithm="easeinquadratic"/>
      </set>
    </onHighlightExit>
  </reloadableImage>


  <reloadableImage type="Select Bar Sub" mode="layout" yOffset="0" x="center" xOffset="1500" y="center" xOrigin="center" yOrigin="center" layer="4">
    <onMenuExit menuIndex="0">
      <set duration=".4">
        <animate type="xOffset" from="1500" to="710" algorithm="easeinquadratic"/>
      </set>
    </onMenuExit>
    <onMenuExit menuIndex="1">
      <set duration=".4">
        <animate type="xOffset" from="710" to="1500" algorithm="easeinquadratic"/>
      </set>
    </onMenuExit>
    <onHighlightEnter menuIndex="0">
      <set duration=".3">
        <animate type="alpha" from="0" to="1" algorithm="easeinquadratic"/>
      </set>
    </onHighlightEnter>
    <onHighlightExit menuIndex="0">
      <set duration=".3">
        <animate type="alpha" from="1" to="0" algorithm="easeinquadratic"/>
      </set>
    </onHighlightExit>
  </reloadableImage>


  <!--------------------------------------------------------------------------->
  <!-- Sub Menu Logo List -->
  <!--------------------------------------------------------------------------->


  <menu type="custom" imageType="logo" scrollTime=".24" scrollAcceleration=".04" orientation="vertical" x="0" width="center" y="center" xOffset="710" algorithm="easeincircular" >
    <itemDefaults x="center" y="center" yOrigin="center" xOrigin="center" width="300" maxHeight="175" spacing="10" xOffset="710" alpha="0.5" fontSize="60" layer="6"/>
    <item yOffset="-749" alpha="0" />
    <item yOffset="-546">
      <onMenuEnter menuIndex="1">
        <set duration=".25">
          <animate type="alpha" from="0" to="0.5" algorithm="easeincircular"/>
        </set>
      </onMenuEnter>
      <onMenuExit menuIndex="1">
        <set duration=".25">
          <animate type="alpha" from="0.5" to="0" algorithm="easeincircular"/>
        </set>
      </onMenuExit>
    </item>
    <item yOffset="-355">
      <onMenuEnter menuIndex="1">
        <set duration=".25">
          <animate type="alpha" from="0" to="0.5" algorithm="easeincircular"/>
        </set>
      </onMenuEnter>
      <onMenuExit menuIndex="1">
        <set duration=".25">
          <animate type="alpha" from="0.5" to="0" algorithm="easeincircular"/>
        </set>
      </onMenuExit>
    </item>
    <item yOffset="-164">
      <onMenuEnter menuIndex="1">
        <set duration=".25">
          <animate type="alpha" from="0" to="0.5" algorithm="easeincircular"/>
        </set>
      </onMenuEnter>
      <onMenuExit menuIndex="1">
        <set duration=".25">
          <animate type="alpha" from="0.5" to="0" algorithm="easeincircular"/>
        </set>
      </onMenuExit>
    </item>
    <item selected="true" width="400" layer="7" alpha="1">
      <onMenuEnter menuIndex="1">
        <set duration=".25">
          <animate type="alpha" from="0" to="1" algorithm="easeincircular"/>
        </set>
      </onMenuEnter>
      <onMenuExit menuIndex="1">
        <set duration=".25">
          <animate type="alpha" from="0" to="0" algorithm="easeincircular"/>
        </set>
      </onMenuExit>
    </item>
    <item yOffset="164">
      <onMenuEnter menuIndex="1">
        <set duration=".25">
          <animate type="alpha" from="0" to="0.5" algorithm="easeincircular"/>
        </set>
      </onMenuEnter>
      <onMenuExit menuIndex="1">
        <set duration=".25">
          <animate type="alpha" from="0.5" to="0" algorithm="easeincircular"/>
        </set>
      </onMenuExit>
    </item>
    <item yOffset="355">
      <onMenuEnter menuIndex="1">
        <set duration=".25">
          <animate type="alpha" from="0" to="0.5" algorithm="easeincircular"/>
        </set>
      </onMenuEnter>
      <onMenuExit menuIndex="1">
        <set duration=".25">
          <animate type="alpha" from="0.5" to="0" algorithm="easeincircular"/>
        </set>
      </onMenuExit>
    </item>
    <item yOffset="546">
      <onMenuEnter menuIndex="1">
        <set duration=".25">
          <animate type="alpha" from="0" to="0.5" algorithm="easeincircular"/>
        </set>
      </onMenuEnter>
      <onMenuExit menuIndex="1">
        <set duration=".25">
          <animate type="alpha" from="0.5" to="0" algorithm="easeincircular"/>
        </set>
      </onMenuExit>
    </item>
    <item yOffset="749" alpha="0" />
  </menu>


  <!--------------------------------------------------------------------------->
  <!-- Box/Flyer Art -->
  <!--------------------------------------------------------------------------->


  <reloadableImage type="artwork_front" alpha="0" xOffset="120" yOffset="-123" x="center" height="700" maxWidth="700" y="center" xOrigin="center" yOrigin="center" layer="5">
    <onMenuEnter menuIndex="1">
      <set duration=".2">
        <animate type="alpha" from="0" to="1" algorithm="easeinquadratic"/>
      </set>
    </onMenuEnter>
    <onMenuExit menuIndex="1">
      <set duration=".2">
        <animate type="alpha" from="1" to="0" algorithm="easeinquadratic"/>
      </set>
    </onMenuExit>
    <onHighlightEnter menuIndex="1">
      <set duration=".3">
        <animate type="yOffset" from="-1000" to="-123" algorithm="easeinquadratic"/>
      </set>
    </onHighlightEnter>
    <onHighlightExit menuIndex="1">
      <set duration=".3">
        <animate type="yOffset" from="-123" to="2000" algorithm="easeinquadratic"/>
      </set>
    </onHighlightExit>
  </reloadableImage>


  <!--------------------------------------------------------------------------->
  <!-- Video Background -->
  <!--------------------------------------------------------------------------->


  <reloadableImage type="Video Background" mode="systemlayout" xOffset="-590" yOffset="124" x="center" y="center" xOrigin="center" yOrigin="center" layer="2">
    <onMenuExit menuIndex="0">
      <set duration=".2">
        <animate type="yOffset" from="124" to="0"/>
      </set>
    </onMenuExit>
    <onMenuExit menuIndex="1">
      <set duration=".2">
        <animate type="yOffset" from="0" to="124"/>
      </set>
    </onMenuExit>
    <onHighlightEnter menuIndex="0">
      <set duration=".3">
        <animate type="alpha" from="0" to="1" algorithm="easeinquadratic"/>
      </set>
    </onHighlightEnter>
    <onHighlightExit menuIndex="0">
      <set duration=".3">
        <animate type="alpha" from="1" to="0" algorithm="easeinquadratic"/>
      </set>
    </onHighlightExit>
  </reloadableImage>


  <reloadableImage type="Video Background" mode="layout" xOffset="-590" yOffset="124" x="center" y="center" xOrigin="center" yOrigin="center" layer="2">
    <onMenuExit menuIndex="0">
      <set duration=".2">
        <animate type="yOffset" from="124" to="0"/>
      </set>
    </onMenuExit>
    <onMenuExit menuIndex="1">
      <set duration=".2">
        <animate type="yOffset" from="0" to="124"/>
      </set>
    </onMenuExit>
    <onHighlightEnter menuIndex="0">
      <set duration=".3">
        <animate type="alpha" from="0" to="1" algorithm="easeinquadratic"/>
      </set>
    </onHighlightEnter>
    <onHighlightExit menuIndex="0">
      <set duration=".3">
        <animate type="alpha" from="1" to="0" algorithm="easeinquadratic"/>
      </set>
    </onHighlightExit>
  </reloadableImage>


  <!--------------------------------------------------------------------------->
  <!-- Gameplay Video -->
  <!--------------------------------------------------------------------------->


  <reloadableVideo imageType="screenshot" x="center" xOffset="-590" yOffset="124" height="480" maxWidth="640" y="center" yOrigin="center" layer="3" xOrigin="center">
    <onMenuExit menuIndex="0">
      <set duration=".2">
        <animate type="yOffset" from="124" to="0"/>
      </set>
    </onMenuExit>
    <onMenuExit menuIndex="1">
      <set duration=".2">
        <animate type="yOffset" from="0" to="124"/>
      </set>
    </onMenuExit>
    <onHighlightEnter>
      <set duration=".2">
        <animate type="alpha" from="0" to="1" algorithm="easeinquadratic"/>
      </set>
    </onHighlightEnter>
    <onHighlightExit>
      <set duration=".2">
        <animate type="alpha" from="1" to="0" algorithm="easeinquadratic"/>
      </set>
    </onHighlightExit>
  </reloadableVideo>
  

  <!--------------------------------------------------------------------------->
  <!-- Text Info Background -->
  <!--------------------------------------------------------------------------->


  <reloadableImage type="Info Background" mode="systemlayout" xOffset="-234" yOffset="1500" x="center" y="center" xOrigin="center" yOrigin="center" layer="3">
    <onMenuExit menuIndex="0">
      <set duration=".4">
        <animate type="yOffset" from="1500" to="422" algorithm="easeinquadratic"/>
      </set>
    </onMenuExit>
    <onMenuExit menuIndex="1">
      <set duration=".4">
        <animate type="yOffset" from="422" to="1500" algorithm="easeinquadratic"/>
      </set>
    </onMenuExit>
    <onHighlightEnter menuIndex="0">
      <set duration=".3">
        <animate type="alpha" from="0" to="1" algorithm="easeinquadratic"/>
      </set>
    </onHighlightEnter>
    <onHighlightExit menuIndex="0">
      <set duration=".3">
        <animate type="alpha" from="1" to="0" algorithm="easeinquadratic"/>
      </set>
    </onHighlightExit>
  </reloadableImage>


  <reloadableImage type="Info Background" mode="layout" xOffset="-234" yOffset="1500" x="center" y="center" xOrigin="center" yOrigin="center" layer="3">
    <onMenuExit menuIndex="0">
      <set duration=".4">
        <animate type="yOffset" from="1500" to="422" algorithm="easeinquadratic"/>
      </set>
    </onMenuExit>
    <onMenuExit menuIndex="1">
      <set duration=".4">
        <animate type="yOffset" from="422" to="1500" algorithm="easeinquadratic"/>
      </set>
    </onMenuExit>
    <onHighlightEnter menuIndex="0">
      <set duration=".3">
        <animate type="alpha" from="0" to="1" algorithm="easeinquadratic"/>
      </set>
    </onHighlightEnter>
    <onHighlightExit menuIndex="0">
      <set duration=".3">
        <animate type="alpha" from="1" to="0" algorithm="easeinquadratic"/>
      </set>
    </onHighlightExit>
  </reloadableImage>


  <!--------------------------------------------------------------------------->
  <!-- Title Text -->
  <!--------------------------------------------------------------------------->


  <reloadableText type="title" x="center" y="center" xOrigin="center" yOrigin="center" xOffset="-234" yOffset="1500" fontSize="60" alpha="0" layer="4">
    <onMenuEnter menuIndex="0">
      <set duration=".4">
        <animate type="alpha" from="1" to="0" algorithm="easeinquadratic"/>
      </set>
    </onMenuEnter>
    <onMenuExit menuIndex="0">
      <set duration=".4">
        <animate type="yOffset" from="1500" to="369" algorithm="easeinquadratic"/>
      </set>
    </onMenuExit>
    <onMenuEnter menuIndex="1">
      <set duration=".4">
        <animate type="alpha" from="0" to="1" algorithm="easeinquadratic"/>
      </set>
    </onMenuEnter>
    <onMenuExit menuIndex="1">
      <set duration=".4">
        <animate type="yOffset" from="369" to="1500" algorithm="easeinquadratic"/>
      </set>
    </onMenuExit>
    <onHighlightEnter menuIndex="1">
      <set duration=".4">
        <animate type="alpha" from="0" to="1" algorithm="easeinquadratic"/>
      </set>
    </onHighlightEnter>
    <onHighlightExit menuIndex="1">
      <set duration=".4">
        <animate type="alpha" from="1" to="0" algorithm="easeinquadratic"/>
      </set>
    </onHighlightExit>
  </reloadableText>


  <!--------------------------------------------------------------------------->
  <!-- Manufacturer Text -->
  <!--------------------------------------------------------------------------->


  <reloadableText type="manufacturer" x="center" y="center" xOrigin="center" yOrigin="center" xOffset="-234" yOffset="1500" fontSize="60" alpha="0" layer="4">
    <onMenuEnter menuIndex="0">
      <set duration=".4">
        <animate type="alpha" from="1" to="0" algorithm="easeinquadratic"/>
      </set>
    </onMenuEnter>
    <onMenuExit menuIndex="0">
      <set duration=".4">
        <animate type="yOffset" from="1500" to="419" algorithm="easeinquadratic"/>
      </set>
    </onMenuExit>
    <onMenuEnter menuIndex="1">
      <set duration=".4">
        <animate type="alpha" from="0" to="1" algorithm="easeinquadratic"/>
      </set>
    </onMenuEnter>
    <onMenuExit menuIndex="1">
      <set duration=".4">
        <animate type="yOffset" from="419" to="1500" algorithm="easeinquadratic"/>
      </set>
    </onMenuExit>
    <onHighlightEnter menuIndex="1">
      <set duration=".4">
        <animate type="alpha" from="0" to="1" algorithm="easeinquadratic"/>
      </set>
    </onHighlightEnter>
    <onHighlightExit menuIndex="1">
      <set duration=".4">
        <animate type="alpha" from="1" to="0" algorithm="easeinquadratic"/>
      </set>
    </onHighlightExit>
  </reloadableText>
  

  <!--------------------------------------------------------------------------->
  <!-- Year Text -->
  <!--------------------------------------------------------------------------->


  <reloadableText type="year" x="center" y="center" xOrigin="center" yOrigin="center" xOffset="-234" yOffset="1500" fontSize="60" alpha="0" layer="4">
    <onMenuEnter menuIndex="0">
      <set duration=".4">
        <animate type="alpha" from="1" to="0" algorithm="easeinquadratic"/>
      </set>
    </onMenuEnter>
    <onMenuExit menuIndex="0">
      <set duration=".4">
        <animate type="yOffset" from="1500" to="469" algorithm="easeinquadratic"/>
      </set>
    </onMenuExit>
    <onMenuEnter menuIndex="1">
      <set duration=".4">
        <animate type="alpha" from="0" to="1" algorithm="easeinquadratic"/>
      </set>
    </onMenuEnter>
    <onMenuExit menuIndex="1">
      <set duration=".4">
        <animate type="yOffset" from="469" to="1500" algorithm="easeinquadratic"/>
      </set>
    </onMenuExit>
    <onHighlightEnter menuIndex="1">
      <set duration=".4">
        <animate type="alpha" from="0" to="1" algorithm="easeinquadratic"/>
      </set>
    </onHighlightEnter>
    <onHighlightExit menuIndex="1">
      <set duration=".4">
        <animate type="alpha" from="1" to="0" algorithm="easeinquadratic"/>
      </set>
    </onHighlightExit>
  </reloadableText>


</layout>
