<!-- todo: add collection name text tag, metadata tags -->
<!-- todo: collection name text tag will load image, or text if image does not exist -->

<layout width="1920" height="1080" font="Chunkfive.otf" fontColor="ecf0f1">
   <sound type="load" src="load.wav" />
   <sound type="unload" src="unload.wav" />
   <sound type="highlight" src="highlight.wav" />
   <sound type="select" src="select.wav" />

   <menu type="custom" imageType="logo" orientation="vertical" width="500" height="100" scrollTime=".2" scrollAcceleration=".02">
      <itemDefaults spacing="2" y="center" x="center" yOrigin="center" xOrigin="center" fontSize="35" width="260"/>
      <item xOffset="830" angle="39" yOffset="-664" alpha="0" layer="2">
            <onMenuEnter menuIndex="i">
                <set duration=".25">
                    <animate type="xOffset" from="1430" to="830" algorithm="easeincircular"/>
                </set>
            </onMenuEnter>
            <onMenuExit menuIndex="i">
                <set duration=".25">
                    <animate type="xOffset" from="830" to="1430" algorithm="easeincircular"/>
                </set>
            </onMenuExit>
      </item>
      <item xOffset="770" angle="32" yOffset="-568" alpha="0.5" layer="3">
            <onMenuEnter menuIndex="i">
                <set duration=".25">
                    <animate type="xOffset" from="1370" to="770" algorithm="easeincircular"/>
                </set>
            </onMenuEnter>
            <onMenuExit menuIndex="i">
                <set duration=".25">
                    <animate type="xOffset" from="770" to="1370" algorithm="easeincircular"/>
                </set>
            </onMenuExit>
        </item>
      <item xOffset="710" angle="27" yOffset="-464" alpha="0.5" layer="4">
            <onMenuEnter menuIndex="i">
                <set duration=".25">
                    <animate type="xOffset" from="1310" to="710" algorithm="easeincircular"/>
                </set>
            </onMenuEnter>
            <onMenuExit menuIndex="i">
                <set duration=".25">
                    <animate type="xOffset" from="710" to="1310" algorithm="easeincircular"/>
                </set>
            </onMenuExit>
        </item>
      <item xOffset="665" angle="20" yOffset="-354" alpha="0.5" layer="5">
            <onMenuEnter menuIndex="i">
                <set duration=".25">
                    <animate type="xOffset" from="1265" to="665" algorithm="easeincircular"/>
                </set>
            </onMenuEnter>
            <onMenuExit menuIndex="i">
                <set duration=".25">
                    <animate type="xOffset" from="665" to="1265" algorithm="easeincircular"/>
                </set>
            </onMenuExit>
      </item>
      <item xOffset="630" angle="14" yOffset="-238" alpha="0.5" layer="6">
            <onMenuEnter menuIndex="i">
                <set duration=".25">
                    <animate type="xOffset" from="1230" to="630" algorithm="easeincircular"/>
                </set>
            </onMenuEnter>
            <onMenuExit menuIndex="i">
                <set duration=".25">
                    <animate type="xOffset" from="630" to="1230" algorithm="easeincircular"/>
                </set>
            </onMenuExit>
        </item>
      <item xOffset="610" angle="8" yOffset="-120" alpha="0.5" layer="7">
            <onMenuEnter menuIndex="i">
                <set duration=".25">
                    <animate type="xOffset" from="1210" to="610" algorithm="easeincircular"/>
                </set>
            </onMenuEnter>
            <onMenuExit menuIndex="i">
                <set duration=".25">
                    <animate type="xOffset" from="610" to="1210" algorithm="easeincircular"/>
                </set>
            </onMenuExit>
        </item>
      <item xOffset="600" yOffset="0" fontSize="50" width="400" alpha="1" selected="true" layer="8">
            <onMenuEnter menuIndex="i">
                <set duration=".25">
                    <animate type="xOffset" from="1200" to="600" algorithm="easeincircular"/>
                </set>
            </onMenuEnter>
            <onMenuExit menuIndex="i">
                <set duration=".25">
                    <animate type="xOffset" from="600" to="1200" algorithm="easeincircular"/>
                </set>
            </onMenuExit>
        </item>
      <item xOffset="610" angle="-8" yOffset="120" layer="7">
            <onMenuEnter menuIndex="i">
                <set duration=".25">
                    <animate type="xOffset" from="1210" to="610" algorithm="easeincircular"/>
                </set>
            </onMenuEnter>
            <onMenuExit menuIndex="i">
                <set duration=".25">
                    <animate type="xOffset" from="610" to="1210" algorithm="easeincircular"/>
                </set>
            </onMenuExit>
        </item>
      <item xOffset="630" angle="-14" yOffset="238" layer="6">
            <onMenuEnter menuIndex="i">
                <set duration=".25">
                    <animate type="xOffset" from="1230" to="630" algorithm="easeincircular"/>
                </set>
            </onMenuEnter>
            <onMenuExit menuIndex="i">
                <set duration=".25">
                    <animate type="xOffset" from="630" to="1230" algorithm="easeincircular"/>
                </set>
            </onMenuExit>
        </item>
      <item xOffset="665" angle="-20" yOffset="354" layer="5">
            <onMenuEnter menuIndex="i">
                <set duration=".25">
                    <animate type="xOffset" from="1265" to="665" algorithm="easeincircular"/>
                </set>
            </onMenuEnter>
            <onMenuExit menuIndex="i">
                <set duration=".25">
                    <animate type="xOffset" from="665" to="1265" algorithm="easeincircular"/>
                </set>
            </onMenuExit>
        </item>
      <item xOffset="710" angle="-27" yOffset="464" layer="4">
            <onMenuEnter menuIndex="i">
                <set duration=".25">
                    <animate type="xOffset" from="1310" to="710" algorithm="easeincircular"/>
                </set>
            </onMenuEnter>
            <onMenuExit menuIndex="i">
                <set duration=".25">
                    <animate type="xOffset" from="710" to="1310" algorithm="easeincircular"/>
                </set>
            </onMenuExit>
        </item>
      <item xOffset="770" angle="-32" yOffset="568" layer="3">
            <onMenuEnter menuIndex="i">
                <set duration=".25">
                    <animate type="xOffset" from="1370" to="770" algorithm="easeincircular"/>
                </set>
            </onMenuEnter>
            <onMenuExit menuIndex="i">
                <set duration=".25">
                    <animate type="xOffset" from="770" to="1370" algorithm="easeincircular"/>
                </set>
            </onMenuExit>
        </item>
      <item xOffset="830" angle="-39" yOffset="664" alpha="0" layer="2">
            <onMenuEnter menuIndex="i">
                <set duration=".25">
                    <animate type="xOffset" from="1430" to="830" algorithm="easeincircular"/>
                </set>
            </onMenuEnter>
            <onMenuExit menuIndex="i">
                <set duration=".25">
                    <animate type="xOffset" from="830" to="1430" algorithm="easeincircular"/>
                </set>
            </onMenuExit>
            </item>
   </menu>


	<reloadableImage type="device" x="center" xOffset="-400" y="center" yOffset="290" height="500" maxWidth="500" xOrigin="center" yOrigin="center" fontSize="20" layer="2">
	<onMenuEnter menuIndex="0">
	<set duration=".3">
	<animate type="xOffset" from="-1300" to="-400" algorithm="easeinquadratic"/>
	</set>
	</onMenuEnter>
	<onHighlightEnter menuIndex="0">
	<set duration=".3">
	<animate type="xOffset" from="-1300" to="-400" algorithm="easeinquadratic"/>
	</set>
	</onHighlightEnter>

	<onHighlightExit menuIndex="0">
	<set duration=".3">
	<animate type="xOffset" from="-400" to="-1300" algorithm="easeoutquintic"/>
	</set>
	</onHighlightExit>
	<onMenuExit menuIndex="0">
	<set duration=".3">
	<animate type="xOffset" from="-400" to="-1300" algorithm="easeoutquintic"/>
	</set>
	</onMenuExit>
	</reloadableImage>



   <image x="center" y="center" height="stretch" width="stretch" xOrigin="center" yOrigin="center" src="background.png" layer="0" alpha="0.5"/>

   <image x="30" y="20" height="228" src="logo.png" layer="1" alpha="1">
   </image>

   <reloadableText type="manufacturer" x="left" y="bottom" xOrigin="left" yOrigin="bottom" xOffset="10" yOffset="-10" fontSize="20" layer="1">
   </reloadableText>

   <reloadableText type="year" x="left" y="bottom" xOrigin="left" yOrigin="bottom" xOffset="240" yOffset="-10" fontSize="20" layer="1">
   </reloadableText>

   <reloadableText type="description" x="left" y="bottom" xOrigin="left" yOrigin="bottom" xOffset="10" yOffset="-50" fontSize="20" layer="1">
   </reloadableText>

      <reloadableText type="title" x="center" y="bottom" xOrigin="center" yOrigin="bottom" yOffset="-80" fontSize="28" layer="1">
   </reloadableText>

  <reloadableImage type="manufacturer" x="left" y="bottom" xOrigin="left" yOrigin="bottom" xOffset="10" yOffset="-30" fontSize="20" layer="1">
     <onHighlightEnter>
         <set duration=".2">
            <animate type="alpha" from="0" to="1"/>
         </set>
      </onHighlightEnter>
      <onHighlightExit>
         <set duration=".1">
            <animate type="alpha" from="1" to="0"/>
         </set>
      </onHighlightExit>
   </reloadableImage>
<!--
   <reloadableText type="numberPlayers" x="left" y="bottom" xOrigin="left" yOrigin="bottom" xOffset="10" yOffset="-70" fontSize="20" layer="0">
   </reloadableText>

   <reloadableText type="numberButtons" x="left" y="bottom" xOrigin="left" yOrigin="bottom" xOffset="10" yOffset="-90" fontSize="20" layer="0">
   </reloadableText>
   -->

   <reloadableImage type="medium_front" x="left" y="bottom" yOffset="-150" height="200" xOrigin="right" yOrigin="bottom" fontSize="20" layer="2">
     <onHighlightEnter>
         <set duration=".2">
            <animate type="x" from="left" to="center" algorithm="easeinquadratic"/>
            <animate type="xOffset" from="-1" to="-400" algorithm="easeinquadratic"/>
         </set>
      </onHighlightEnter>

      <onHighlightExit>
         <set duration=".1">
            <animate type="x" from="center" to="left" algorithm="easeoutquintic"/>
            <animate type="xOffset" from="-400" to="-1" algorithm="easeoutquintic"/>
         </set>
      </onHighlightExit>
   </reloadableImage>

   <reloadableImage type="artwork_front" x="right" y="bottom" yOffset="-400" width="350" xOrigin="right" yOrigin="center" fontSize="20" layer="1">
     <onHighlightEnter>
         <set duration=".3">
            <animate type="x" from="left" to="center" algorithm="easeinquadratic"/>
            <animate type="xOffset" from="-1" to="-500" algorithm="easeinquadratic"/>
         </set>
      </onHighlightEnter>

      <onHighlightExit>
         <set duration=".1">
            <animate type="x" from="center" to="left" algorithm="easeoutquintic"/>
            <animate type="xOffset" from="-500" to="-1" algorithm="easeoutquintic"/>
         </set>
      </onHighlightExit>
   </reloadableImage>


   <reloadableVideo imageType="screenshot" x="center" xOrigin="center" y="center" yOrigin="center" fontSize="20" layer="0" height="600" maxWidth="800" maxHeight="600">
      <onHighlightEnter>
         <set duration=".2">
            <animate type="height" from="0" to="100" algorithm="easeinoutquadratic"/>
            <animate type="alpha" from="0" to="0.5" algorithm="easeinquadratic"/>
         </set>
         <set duration=".2">
            <animate type="height" from="100" to="600" algorithm="easeinoutquadratic"/>
            <animate type="alpha" from=".5" to=".9" algorithm="easeinquadratic"/>
         </set>
      </onHighlightEnter>
      <onHighlightExit>
         <set duration=".2">
            <animate type="height" to="50" from="600" algorithm="easeinoutquadratic"/>
            <animate type="alpha" from=".9" to="0.5" algorithm="easeinquadratic"/>
         </set>
         <set duration=".2">
            <animate type="height" to="0" from="50" algorithm="easeinoutquadratic"/>
            <animate type="alpha" to="0.5" from="0" algorithm="easeinquadratic"/>
         </set>
      </onHighlightExit>

   </reloadableVideo>
      <image x="right" y="center" xOffset="-175" width="276" xOrigin="center" yOrigin="center" src="arrow.png" layer="1" alpha=".4">
   <onIdle>
      <set duration="2">
         <animate type="alpha" to="1" from=".4" algorithm="easeoutquadratic"/>
      </set>
      <set duration="2">
         <animate type="alpha" to=".4" from="1" algorithm="easeinquadratic"/>
      </set>
   </onIdle>
   </image>
</layout>
